,0--2,0--3,0--4,0--5,1--3,1--4,1--5,2--4,2--5,3--5,,0--2,0--3,0--4,0--5,1--3,1--4,1--5,2--4,2--5,3--5,,0--2,0--3,0--4,0--5,1--3,1--4,1--5,2--4,2--5,3--5
0--0--0--0,0,0,0,0,0,0,0,0,6.983,0,,0,0,0,0,0,0,0,0,2,0,,0.00,0.00,0.00,0.00,0.00,0.00,0.00,0.00,13.97,0.00
0--0--0--1,0,0,0,0,0,0,0,0,0,0,,0,0,0,0,0,0,0,0,0,0,,0.00,0.00,0.00,0.00,0.00,0.00,0.00,0.00,0.00,0.00
0--0--0--2,0,0,0,0,0,-2.583,0,0,0,8.494,,0,0,0,0,0,1,0,0,0,2,,0.00,0.00,0.00,0.00,0.00,-2.58,0.00,0.00,0.00,16.99
0--0--0--3,0,0,0,0,0,0,0,0,0,0,,0,0,0,0,0,0,0,0,0,0,,0.00,0.00,0.00,0.00,0.00,0.00,0.00,0.00,0.00,0.00
0--0--1--0,0,0,0,9.817,0,0,0,0,0,0,,0,0,0,3,0,0,0,0,0,0,,0.00,0.00,0.00,29.45,0.00,0.00,0.00,0.00,0.00,0.00
0--0--1--1,0,0,0,0,0,0,0,0,0,0,,0,0,0,0,0,0,0,0,0,0,,0.00,0.00,0.00,0.00,0.00,0.00,0.00,0.00,0.00,0.00
0--0--1--2,0,0,0,0,0,0,0,0,0,0,,0,0,0,0,0,0,0,0,0,0,,0.00,0.00,0.00,0.00,0.00,0.00,0.00,0.00,0.00,0.00
0--0--1--3,0,0,0,0,0,0,0,0,0,0,,0,0,0,0,0,0,0,0,0,0,,0.00,0.00,0.00,0.00,0.00,0.00,0.00,0.00,0.00,0.00
0--0--2--0,0,0,0,0,0,0,0,0,0,0,,0,0,0,0,0,0,0,0,0,0,,0.00,0.00,0.00,0.00,0.00,0.00,0.00,0.00,0.00,0.00
0--0--2--1,0,0,0,0,4.026,0,0,0,0,0,,0,0,0,0,1,0,0,0,0,0,,0.00,0.00,0.00,0.00,4.03,0.00,0.00,0.00,0.00,0.00
0--0--2--2,0,0,0,3.722,0,10.558,0,0,0,0,,0,0,0,1,0,1,0,0,0,0,,0.00,0.00,0.00,3.72,0.00,10.56,0.00,0.00,0.00,0.00
0--0--2--3,0,0,0,0,0,0,0,0,0,0,,0,0,0,0,0,0,0,0,0,0,,0.00,0.00,0.00,0.00,0.00,0.00,0.00,0.00,0.00,0.00
0--0--3--0,0,0,0,0,0,0,0,0,0,0,,0,0,0,0,0,0,0,0,0,0,,0.00,0.00,0.00,0.00,0.00,0.00,0.00,0.00,0.00,0.00
0--0--3--1,0,0,0,0,0,0,0,0,0,0,,0,0,0,0,0,0,0,0,0,0,,0.00,0.00,0.00,0.00,0.00,0.00,0.00,0.00,0.00,0.00
0--0--3--2,0,0,0,0,0,0,0,0,0,0,,0,0,0,0,0,0,0,0,0,0,,0.00,0.00,0.00,0.00,0.00,0.00,0.00,0.00,0.00,0.00
0--0--3--3,0,0,0,0,0,0,0,0,0,0,,0,0,0,0,0,0,0,0,0,0,,0.00,0.00,0.00,0.00,0.00,0.00,0.00,0.00,0.00,0.00
0--1--0--0,4.066,8.838,9.245,8.29,9.191,9.713,9.333,5.393,5.976,5.01,,6,12,3,7,48,107,7,9,11,6,,24.40,106.06,27.74,58.03,441.17,1039.29,65.33,48.54,65.74,30.06
0--1--0--1,6.975,0,0,10.296,9.216,0,9.9,4.985,8.966,0,,3,0,0,14,2,0,8,2,2,0,,20.93,0.00,0.00,144.14,18.43,0.00,79.20,9.97,17.93,0.00
0--1--0--2,4.111,6.96,8.184,10.891,7.774,7.465,11.422,3.515,7.079,8.142,,18,17,16,20,6,17,357,20,16,18,,74.00,118.32,130.94,217.82,46.64,126.91,4077.65,70.30,113.26,146.56
0--1--0--3,5.461,7.401,0,0,0,6.949,0.303,0,0,9.411,,1,1,0,0,0,1,1,0,0,13,,5.46,7.40,0.00,0.00,0.00,6.95,0.30,0.00,0.00,122.34
0--1--1--0,5.677,7.226,9.857,11.356,10.687,11.392,10.669,9.241,0,7.268,,2,4,2,23,2,3,3,4,0,2,,11.35,28.90,19.71,261.19,21.37,34.18,32.01,36.96,0.00,14.54
0--1--1--1,0,0,0,13.992,0,0,0,0,0,0,,0,0,0,5,0,0,0,0,0,0,,0.00,0.00,0.00,69.96,0.00,0.00,0.00,0.00,0.00,0.00
0--1--1--2,1.275,5.237,10.142,0,7.368,8.913,0,6.571,0,6.762,,2,3,7,0,3,6,0,1,0,1,,2.55,15.71,70.99,0.00,22.10,53.48,0.00,6.57,0.00,6.76
0--1--1--3,0,0,0,0,0,0,0,3.683,0,0,,0,0,0,0,0,0,0,5,0,0,,0.00,0.00,0.00,0.00,0.00,0.00,0.00,18.42,0.00,0.00
0--1--2--0,3.647,8.962,13.463,13.22,9.584,10.961,12.801,10.386,9.767,4.604,,6,3,93,24,7,5,10,4,4,6,,21.88,26.89,1252.06,317.28,67.09,54.81,128.01,41.54,39.07,27.62
0--1--2--1,3.685,0,0,0,7.065,13.432,3.218,0,8.256,7.048,,3,0,0,0,1,22,1,0,1,2,,11.06,0.00,0.00,0.00,7.07,295.50,3.22,0.00,8.26,14.10
0--1--2--2,1.983,5.567,11.371,3.403,6.141,10.671,2.013,7.498,1.272,6.8,,8,16,50,2,3,38,5,3,5,5,,15.86,89.07,568.55,6.81,18.42,405.50,10.07,22.49,6.36,34.00
0--1--2--3,0.559,0,10.227,0,0,9.388,0,7.764,0,0,,1,0,24,0,0,4,0,2,0,0,,0.56,0.00,245.45,0.00,0.00,37.55,0.00,15.53,0.00,0.00
0--1--3--0,0,0,0,2.953,0,0,0.382,0,0,3.745,,0,0,0,1,0,0,2,0,0,8,,0.00,0.00,0.00,2.95,0.00,0.00,0.76,0.00,0.00,29.96
0--1--3--1,0,7.061,4.377,-1.983,0,3.679,5.379,0,0,0,,0,5,1,1,0,1,1,0,0,0,,0.00,35.31,4.38,-1.98,0.00,3.68,5.38,0.00,0.00,0.00
0--1--3--2,1.369,0,-1.191,-2.538,4.829,0,0,6.107,0.991,5.777,,6,0,2,1,3,0,0,1,1,14,,8.21,0.00,-2.38,-2.54,14.49,0.00,0.00,6.11,0.99,80.88
0--1--3--3,0,0,0.533,0,0,0,0,0,0,0,,0,0,7,0,0,0,0,0,0,0,,0.00,0.00,3.73,0.00,0.00,0.00,0.00,0.00,0.00,0.00
0--2--0--0,5.949,12.571,12.416,12.458,12.372,12.129,12.527,5.288,5.112,5.073,,27,40,46,346,74,31,373,44,27,27,,160.62,502.84,571.14,4310.47,915.53,376.00,4672.57,232.67,138.02,136.97
0--2--0--1,4.825,13.177,11.462,11.38,10.566,11.286,13.348,2.358,8.314,5.845,,3,3,8,4,5,7,79,3,2,6,,14.48,39.53,91.70,45.52,52.83,79.00,1054.49,7.07,16.63,35.07
0--2--0--2,3.655,10.101,10.117,3.751,10.445,10.312,3.323,3.127,7.426,7.381,,75,78,61,71,1023,678,64,73,71,87,,274.13,787.88,617.14,266.32,10685.24,6991.54,212.67,228.27,527.25,642.15
0--2--0--3,3.89,9.74,9.836,1.114,9.66,10.373,3.007,0.563,8.485,9.812,,2,47,3,3,2,35,2,4,4,4,,7.78,457.78,29.51,3.34,19.32,363.06,6.01,2.25,33.94,39.25
0--2--1--0,4.906,12.644,14.557,14.118,11.936,11,14.405,7.349,6.62,1.455,,7,4,108,12,7,2,10,8,5,6,,34.34,50.58,1572.16,169.42,83.55,22.00,144.05,58.79,33.10,8.73
0--2--1--1,4.641,11.921,13.698,5.916,0,13.79,7.032,0,8.456,5.366,,1,2,8,1,0,1,1,0,7,1,,4.64,23.84,109.58,5.92,0.00,13.79,7.03,0.00,59.19,5.37
0--2--1--2,1.892,8.239,12.79,2.377,9.389,13.393,4.366,7.376,10.975,6.696,,5,3,65,1,6,8,2,3,4,5,,9.46,24.72,831.35,2.38,56.33,107.14,8.73,22.13,43.90,33.48
0--2--1--3,-0.829,0,10.869,0,8.7,0,2.257,0,0,8.909,,1,0,4,0,3,0,1,0,0,19,,-0.83,0.00,43.48,0.00,26.10,0.00,2.26,0.00,0.00,169.27
0--2--2--0,2.974,10.376,2.644,3.58,10.229,2.017,2.079,9.292,9.363,3.648,,23,510,23,22,33,16,27,23,23,24,,68.40,5291.76,60.81,78.76,337.56,32.27,56.13,213.72,215.35,87.55
0--2--2--1,3.742,8.982,4.219,3.28,7.656,3.475,3.415,8.952,10.556,4.911,,1,5,5,6,5,3,2,6,64,4,,3.74,44.91,21.10,19.68,38.28,10.43,6.83,53.71,675.58,19.64
0--2--2--2,1.01,7.919,2.213,0.76,8.218,1.922,1.21,7.577,0.05,5.115,,29,68,22,23,376,19,20,16,14,14,,29.29,538.49,48.69,17.48,3089.97,36.52,24.20,121.23,0.70,71.61
0--2--2--3,-3.127,6.108,1.997,1.96,7.484,1.438,2.763,6.419,1.847,6.5,,1,6,1,3,50,1,3,16,5,41,,-3.13,36.65,2.00,5.88,374.20,1.44,8.29,102.70,9.24,266.50
0--2--3--0,2.381,9.668,4.005,0,0,1.957,-1.005,11.086,11.327,0.905,,3,1,1,0,0,6,1,3,38,1,,7.14,9.67,4.01,0.00,0.00,11.74,-1.01,33.26,430.43,0.91
0--2--3--1,1.669,0,3.295,0,6.37,0,0.209,9.624,1.374,0,,1,0,2,0,4,0,10,4,1,0,,1.67,0.00,6.59,0.00,25.48,0.00,2.09,38.50,1.37,0.00
0--2--3--2,1.042,6.124,-0.459,1.218,8.927,2.067,1.248,9.523,-2.053,5.231,,4,11,4,6,3,6,4,75,4,13,,4.17,67.36,-1.84,7.31,26.78,12.40,4.99,714.23,-8.21,68.00
0--2--3--3,0,0,0,-0.872,4.666,0.408,0,0,0,5.356,,0,0,0,3,5,1,0,0,0,19,,0.00,0.00,0.00,-2.62,23.33,0.41,0.00,0.00,0.00,101.76
0--3--0--0,4.596,15.412,15.905,15.821,13.701,15.875,15.114,4.345,3.301,4.737,,7,18,25,21,4,102,14,8,2,6,,32.17,277.42,397.63,332.24,54.80,1619.25,211.60,34.76,6.60,28.42
0--3--0--1,0,0,15.688,4.433,0,0,0,4.301,8.094,0,,0,0,11,1,0,0,0,1,1,0,,0.00,0.00,172.57,4.43,0.00,0.00,0.00,4.30,8.09,0.00
0--3--0--2,3.311,13.407,12.662,3.476,13.373,13.322,2.187,3.18,7.921,5.913,,15,293,20,14,45,36,16,21,11,22,,49.67,3928.25,253.24,48.66,601.79,479.59,34.99,66.78,87.13,130.09
0--3--0--3,1.071,0,11.858,0.22,0,10.347,1.46,1.535,0,0,,5,0,5,3,0,2,8,1,0,0,,5.36,0.00,59.29,0.66,0.00,20.69,11.68,1.54,0.00,0.00
0--3--1--0,0.534,0,2.312,4.713,13.757,4.272,4.993,3.957,5.776,0.163,,1,0,4,1,26,1,2,1,1,1,,0.53,0.00,9.25,4.71,357.68,4.27,9.99,3.96,5.78,0.16
0--3--1--1,0,0,0,4.737,0,0,0,0,0,0,,0,0,0,4,0,0,0,0,0,0,,0.00,0.00,0.00,18.95,0.00,0.00,0.00,0.00,0.00,0.00
0--3--1--2,0,12.893,2.945,0,0,2.111,0,2.904,0,0,,0,7,3,0,0,3,0,1,0,0,,0.00,90.25,8.84,0.00,0.00,6.33,0.00,2.90,0.00,0.00
0--3--1--3,0,0,2.534,1.759,0,-4.652,0,0,0,0,,0,0,2,3,0,1,0,0,0,0,,0.00,0.00,5.07,5.28,0.00,-4.65,0.00,0.00,0.00,0.00
0--3--2--0,2.689,0,3.478,3.353,13.406,3.228,4.167,6.929,10.192,4.336,,6,0,4,3,106,1,3,7,2,6,,16.13,0.00,13.91,10.06,1421.04,3.23,12.50,48.50,20.38,26.02
0--3--2--1,0.686,0,2.631,1.74,0,0,-1.458,8.013,9.535,0,,2,0,1,2,0,0,1,3,13,0,,1.37,0.00,2.63,3.48,0.00,0.00,-1.46,24.04,123.96,0.00
0--3--2--2,-0.679,10.719,-0.691,1.252,11.622,0.699,-0.149,7.038,0.838,4.267,,3,57,1,8,48,7,4,8,3,2,,-2.04,610.98,-0.69,10.02,557.86,4.89,-0.60,56.30,2.51,8.53
0--3--2--3,3.742,0,2.18,0,0,0.095,0,0,1.481,5.126,,1,0,4,0,0,2,0,0,1,17,,3.74,0.00,8.72,0.00,0.00,0.19,0.00,0.00,1.48,87.14
0--3--3--0,0,0,0,0,0,0,0,10.207,0,2.753,,0,0,0,0,0,0,0,6,0,1,,0.00,0.00,0.00,0.00,0.00,0.00,0.00,61.24,0.00,2.75
0--3--3--1,0,0,0,2.19,0,0,0,10.858,0,0,,0,0,0,1,0,0,0,8,0,0,,0.00,0.00,0.00,2.19,0.00,0.00,0.00,86.86,0.00,0.00
0--3--3--2,1.912,0,0,3.568,11.624,0,-4.92,0,0,4.571,,1,0,0,1,9,0,1,0,0,6,,1.91,0.00,0.00,3.57,104.62,0.00,-4.92,0.00,0.00,27.43
0--3--3--3,0,0,0,0,0,0.385,0,0,-1.561,0,,0,0,0,0,0,3,0,0,2,0,,0.00,0.00,0.00,0.00,0.00,1.16,0.00,0.00,-3.12,0.00
1--0--0--0,10.387,10.312,10.72,10.76,5.165,5.321,6.534,7.852,3.879,5.719,,65,39,59,9,6,5,11,10,4,9,,675.16,402.17,632.48,96.84,30.99,26.61,71.87,78.52,15.52,51.47
1--0--0--1,0,7.403,0,0,0,5.991,7.461,3.855,0,0,,0,1,0,0,0,1,17,2,0,0,,0.00,7.40,0.00,0.00,0.00,5.99,126.84,7.71,0.00,0.00
1--0--0--2,8.302,7.694,8.494,12.412,3.173,4.172,7.484,3.817,9.031,8.149,,21,16,14,359,15,18,15,19,18,33,,174.34,123.10,118.92,4455.91,47.60,75.10,112.26,72.52,162.56,268.92
1--0--0--3,0,5.986,0,0,2.922,-2.477,9.745,1.032,0,8.366,,0,9,0,0,1,1,2,2,0,2,,0.00,53.87,0.00,0.00,2.92,-2.48,19.49,2.06,0.00,16.73
1--0--1--0,0,6.478,12.246,0,1.312,0,0,4.601,7.777,6.203,,0,2,20,0,1,0,0,2,13,1,,0.00,12.96,244.92,0.00,1.31,0.00,0.00,9.20,101.10,6.20
1--0--1--1,8.989,0,0,0,0,0,10.239,0,0,0,,1,0,0,0,0,0,4,0,0,0,,8.99,0.00,0.00,0.00,0.00,0.00,40.96,0.00,0.00,0.00
1--0--1--2,0,0,10.11,0,0,2.112,11.715,0,11.161,7.532,,0,0,2,0,0,1,7,0,2,2,,0.00,0.00,20.22,0.00,0.00,2.11,82.01,0.00,22.32,15.06
1--0--1--3,0,6.104,0,-4.5,-4.226,5.683,0,0,0,0,,0,4,0,1,1,1,0,0,0,0,,0.00,24.42,0.00,-4.50,-4.23,5.68,0.00,0.00,0.00,0.00
1--0--2--0,7.018,8.524,13.784,14.407,2.979,11.172,8.481,9.068,11.243,5.903,,1,5,70,30,7,17,3,6,6,5,,7.02,42.62,964.88,432.21,20.85,189.92,25.44,54.41,67.46,29.52
1--0--2--1,6.865,0,0,5.677,0,9.079,14.034,9.77,13.022,4.901,,2,0,0,1,0,4,1,8,1,1,,13.73,0.00,0.00,5.68,0.00,36.32,14.03,78.16,13.02,4.90
1--0--2--2,5.271,7.539,12.584,2.998,1.87,7.848,2.98,7.289,1.715,6.197,,7,6,96,8,4,5,6,3,7,7,,36.90,45.23,1208.06,23.98,7.48,39.24,17.88,21.87,12.01,43.38
1--0--2--3,5.336,3.493,0,-1.305,1.653,0,1.486,7.348,1.954,0,,10,2,0,2,1,0,3,4,1,0,,53.36,6.99,0.00,-2.61,1.65,0.00,4.46,29.39,1.95,0.00
1--0--3--0,0,0,2.055,0,0,10.693,0,13.999,11.109,4.34,,0,0,1,0,0,12,0,1,3,1,,0.00,0.00,2.06,0.00,0.00,128.32,0.00,14.00,33.33,4.34
1--0--3--1,0,5.858,0,0,0,0,0,0,0,0,,0,3,0,0,0,0,0,0,0,0,,0.00,17.57,0.00,0.00,0.00,0.00,0.00,0.00,0.00,0.00
1--0--3--2,0,5.437,1.354,0,3.584,10.511,2.677,0,0,4.868,,0,12,2,0,1,6,2,0,0,5,,0.00,65.24,2.71,0.00,3.58,63.07,5.35,0.00,0.00,24.34
1--0--3--3,0,0,1.62,0,1.877,0,0.419,0,0,0,,0,0,1,0,1,0,3,0,0,0,,0.00,0.00,1.62,0.00,1.88,0.00,1.26,0.00,0.00,0.00
1--1--0--0,9.908,13.292,13.381,13.359,9.033,9.019,9.009,5.566,5.594,5.714,,852,1161,17196,1136,871,847,894,860,801,808,,8441.62,15432.01,230099.68,15175.82,7867.74,7639.09,8054.05,4786.76,4480.79,4616.91
1--1--0--1,8.783,12.387,12.902,14.34,8.315,8.015,10.017,4.546,6.463,6.955,,104,113,103,2248,86,90,94,87,102,114,,913.43,1399.73,1328.91,32236.32,715.09,721.35,941.60,395.50,659.23,792.87
1--1--0--2,7.911,11.253,11.393,3.504,7.015,7.034,11.166,3.552,7.552,7.493,,1882,1854,32081,1853,1869,1852,1887,1832,1853,1918,,14888.50,20863.06,365498.83,6492.91,13111.04,13026.97,21070.24,6507.26,13993.86,14371.57
1--1--0--3,6.425,10.361,9.974,2.673,5.611,6.235,2.683,1.727,8.688,8.068,,79,1972,139,89,79,81,85,95,76,85,,507.58,20431.89,1386.39,237.90,443.27,505.04,228.06,164.07,660.29,685.78
1--1--1--0,9.249,12.31,15.331,15.19,8.305,11.171,11.296,7.813,7.341,4.226,,156,146,3218,198,137,158,159,123,162,139,,1442.84,1797.26,49335.16,3007.62,1137.79,1765.02,1796.06,961.00,1189.24,587.41
1--1--1--1,8.536,10.866,14.295,4.603,7.683,11.147,12.345,7.241,7.699,5.426,,21,43,458,24,26,26,49,21,19,15,,179.26,467.24,6547.11,110.47,199.76,289.82,604.91,152.06,146.28,81.39
1--1--1--2,7.359,10.341,13.468,2.82,5.832,8.987,2.748,5.851,9.487,6.775,,82,73,1973,101,87,92,87,73,84,77,,603.44,754.89,26572.36,284.82,507.38,826.80,239.08,427.12,796.91,521.68
1--1--1--3,6.02,9.632,12.314,1.982,5.517,8.842,0.997,4.153,1.191,6.702,,28,57,560,21,31,24,23,31,19,21,,168.56,549.02,6895.84,41.62,171.03,212.21,22.93,128.74,22.63,140.74
1--1--2--0,7.908,11.474,3.49,3.498,7.073,13.042,13.115,9.563,9.504,3.454,,591,590,565,572,582,652,13110,618,585,527,,4673.63,6769.66,1971.85,2000.86,4116.49,8503.38,171937.65,5909.93,5559.84,1820.26
1--1--2--1,7.321,10.758,2.191,2.143,6.54,12.065,2.414,8.347,10.197,4.529,,59,79,71,72,65,1668,70,84,87,81,,431.94,849.88,155.56,154.30,425.10,20124.42,168.98,701.15,887.14,366.85
1--1--2--2,5.936,9.534,1.348,1.624,5.026,11.106,1.554,7.642,1.519,5.369,,497,496,485,488,504,10394,501,468,487,425,,2950.19,4728.86,653.78,792.51,2533.10,115435.76,778.55,3576.46,739.75,2281.83
1--1--2--3,4.21,8.494,0.064,0.835,4.178,10.164,0.646,7.032,0.618,6.675,,89,83,117,96,82,2286,99,84,101,95,,374.69,705.00,7.49,80.16,342.60,23234.90,63.95,590.69,62.42,634.13
1--1--3--0,6.771,10.02,2.67,2.718,6.432,2.582,2.061,10.951,11.518,2.424,,51,55,55,44,38,36,64,77,949,52,,345.32,551.10,146.85,119.59,244.42,92.95,131.90,843.23,10930.58,126.05
1--1--3--1,5.962,9.264,0.409,1.774,5.438,1.657,1.488,10.557,1.248,3.007,,35,28,27,23,19,16,24,475,24,25,,208.67,259.39,11.04,40.80,103.32,26.51,35.71,5014.58,29.95,75.18
1--1--3--2,4.868,8.01,0.801,0.494,4.063,0.542,0.49,9.491,0.67,4.934,,95,143,102,81,113,79,110,2307,93,93,,462.46,1145.43,81.70,40.01,459.12,42.82,53.90,21895.74,62.31,458.86
1--1--3--3,4.116,7.629,-0.155,-1.204,2.519,-0.824,-1.138,8.737,0.674,5.092,,24,31,19,13,23,14,20,503,16,32,,98.78,236.50,-2.95,-15.65,57.94,-11.54,-22.76,4394.71,10.78,162.94
1--2--0--0,9.334,16.343,16.411,16.407,12.138,12.055,12.133,5.111,5.056,5.057,,3658,3665,48982,3791,3743,3608,3675,3673,3620,3713,,34143.77,59897.10,803843.60,62198.94,45432.53,43494.44,44588.78,18772.70,18302.72,18776.64
1--2--0--1,8.21,15.332,15.389,4.305,11.107,11.018,13.106,3.798,6.171,6.023,,420,753,8927,431,405,391,418,423,418,444,,3448.20,11545.00,137377.60,1855.46,4498.34,4308.04,5478.31,1606.55,2579.48,2674.21
1--2--0--2,7.412,14.385,14.447,3.113,10.076,10.078,3.083,3.109,7.066,7.082,,7646,7668,58048,7535,7526,7785,7818,7617,7606,7626,,56672.15,110304.18,838619.46,23456.46,75831.98,78457.23,24102.89,23681.25,53744.00,54007.33
1--2--0--3,6.237,13.18,13.333,2.169,9.368,9.006,2.174,2.021,8.044,8.038,,369,561,8097,345,350,369,378,350,345,381,,2301.45,7393.98,107957.30,748.31,3278.80,3323.21,821.77,707.35,2775.18,3062.48
1--2--1--0,8.407,15.393,4.131,4.092,11.266,14.186,14.045,7.287,7.144,4.241,,592,13549,566,605,621,654,605,612,612,612,,4976.94,208559.76,2338.15,2475.66,6996.19,9277.64,8497.23,4459.64,4372.13,2595.49
1--2--1--1,7.002,14.331,2.931,2.99,9.661,13.005,2.764,5.42,8.138,5.946,,94,1988,108,105,120,90,83,106,98,85,,658.19,28490.03,316.55,313.95,1159.32,1170.45,229.41,574.52,797.52,505.41
1--2--1--2,6.226,13.371,2.229,1.965,8.996,12.164,2.041,5.159,9.115,6.097,,364,8090,356,413,347,397,357,352,325,333,,2266.26,108171.39,793.52,811.55,3121.61,4829.11,728.64,1815.97,2962.38,2030.30
1--2--1--3,5.185,12.293,0.773,1.41,7.739,10.912,1.238,4.091,1.205,7.009,,109,2499,118,115,110,107,115,88,91,117,,565.17,30720.21,91.21,162.15,851.29,1167.58,142.37,360.01,109.66,820.05
1--2--2--0,7.342,14.407,3.124,3.153,10.029,3.065,3.05,9.043,9.062,3.155,,2547,39552,2486,2500,2555,2677,2561,2603,2511,2556,,18700.07,569825.66,7766.26,7882.50,25624.10,8205.01,7811.05,23538.93,22754.68,8064.18
1--2--2--1,6.257,13.446,2.053,2.109,9.118,2.003,2.079,8.365,9.916,3.901,,297,7014,349,294,331,323,326,315,274,301,,1858.33,94310.24,716.50,620.05,3018.06,646.97,677.75,2634.98,2716.98,1174.20
1--2--2--2,5.331,12.384,1.08,1.184,8.108,1.109,1.117,7.134,1.076,5.151,,2027,34505,2056,2003,2118,2050,2006,2017,2129,2118,,10805.94,427309.92,2220.48,2371.55,17172.74,2273.45,2240.70,14389.28,2290.80,10909.82
1--2--2--3,4.252,11.369,0.279,0.073,7.034,0.17,-0.18,6.018,0.098,6.118,,420,9701,413,429,456,425,448,441,442,429,,1785.84,110290.67,115.23,31.32,3207.50,72.25,-80.64,2653.94,43.32,2624.62
1--2--3--0,6.681,13.383,2.093,1.991,8.798,1.952,2.073,11.389,11.15,2.109,,161,4331,155,187,185,192,199,232,200,180,,1075.64,57961.77,324.42,372.32,1627.63,374.78,412.53,2642.25,2230.00,379.62
1--2--3--1,5.443,12.377,1.28,0.484,8.298,1.125,1.139,9.873,1.041,3.179,,108,2239,78,80,116,104,91,81,100,103,,587.84,27712.10,99.84,38.72,962.57,117.00,103.65,799.71,104.10,327.44
1--2--3--2,4.508,11.368,0.174,0.092,7.072,0.249,-0.045,9.178,0.046,4.008,,416,9402,464,412,371,377,392,434,423,417,,1875.33,106881.94,80.74,37.90,2623.71,93.87,-17.64,3983.25,19.46,1671.34
1--2--3--3,2.814,10.372,-0.931,-1.274,6.103,-1.022,-1.057,7.614,-0.915,5.228,,95,2214,84,96,93,97,85,99,94,90,,267.33,22963.61,-78.20,-122.30,567.58,-99.13,-89.85,753.79,-86.01,470.52
1--3--0--0,9.028,4.553,4.616,4.53,15.029,15.137,15.007,4.494,4.525,4.622,,765,738,727,712,1583,14713,765,756,747,739,,6906.42,3360.11,3355.83,3225.36,23790.91,222710.68,11480.36,3397.46,3380.18,3415.66
1--3--0--1,7.711,3.307,4.145,3.632,14.141,13.863,3.548,3.564,5.554,5.259,,86,98,72,85,1663,386,83,95,98,86,,663.15,324.09,298.44,308.72,23516.48,5351.12,294.48,338.58,544.29,452.27
1--3--0--2,6.953,2.522,2.471,2.455,13.132,13.064,2.483,2.533,6.634,6.433,,1576,1628,1611,1585,28618,2177,1591,1544,1590,1656,,10957.93,4105.82,3980.78,3891.18,375811.58,28440.33,3950.45,3910.95,10548.06,10653.05
1--3--0--3,5.881,1.783,1.251,1.6,11.675,12.065,1.252,1.819,7.156,7.498,,77,78,73,78,116,1641,72,77,92,75,,452.84,139.07,91.32,124.80,1354.30,19798.67,90.14,140.06,658.35,562.35
1--3--1--0,7.789,3.682,3.386,3.488,14.169,3.575,3.711,6.499,6.279,3.82,,118,125,108,112,2858,139,132,130,138,135,,919.10,460.25,365.69,390.66,40495.00,496.93,489.85,844.87,866.50,515.70
1--3--1--1,6.998,2.879,3.729,2.5,13.155,2.27,3.331,5.758,5.95,3.616,,26,17,12,12,413,13,16,22,19,22,,181.95,48.94,44.75,30.00,5433.02,29.51,53.30,126.68,113.05,79.55
1--3--1--2,5.756,1.564,1.573,1.48,12.109,1.734,1.168,4.796,8.97,5.734,,68,73,68,87,1736,68,72,65,58,66,,391.41,114.17,106.96,128.76,21021.22,117.91,84.10,311.74,520.26,378.44
1--3--1--3,5.194,0.105,1.263,0.886,10.99,-0.035,0.543,3.153,0.722,7.138,,17,32,16,21,492,18,17,20,26,15,,88.30,3.36,20.21,18.61,5407.08,-0.63,9.23,63.06,18.77,107.07
1--3--2--0,6.901,2.483,2.54,2.585,13.137,2.502,2.607,8.319,8.688,2.405,,497,587,533,531,11342,476,496,546,556,521,,3429.80,1457.52,1353.82,1372.64,148999.85,1190.95,1293.07,4542.17,4830.53,1253.01
1--3--2--1,5.905,1.364,1.745,1.598,12.066,1.662,0.773,7.569,9.243,3.889,,84,59,65,61,1436,65,57,64,78,67,,496.02,80.48,113.43,97.48,17326.78,108.03,44.06,484.42,720.95,260.56
1--3--2--2,4.76,0.52,0.514,0.471,11.042,0.172,0.384,6.535,0.72,4.457,,414,376,433,425,9236,411,410,373,394,417,,1970.64,195.52,222.56,200.18,101983.91,70.69,157.44,2437.56,283.68,1858.57
1--3--2--3,4.284,-0.265,-0.546,-0.906,10.161,-0.397,-0.518,5.942,-0.649,5.327,,82,85,85,95,1995,93,77,69,92,93,,351.29,-22.53,-46.41,-86.07,20271.20,-36.92,-39.89,410.00,-59.71,495.41
1--3--3--0,6.028,1.904,1.965,1.617,12.089,0.769,1.933,10.07,10.508,1.198,,30,41,40,42,838,36,42,79,44,34,,180.84,78.06,78.60,67.91,10130.58,27.68,81.19,795.53,462.35,40.73
1--3--3--1,4.632,0.562,1,0.067,11.251,1.105,0.358,9.274,1.134,2.034,,47,22,24,21,418,26,17,18,20,24,,217.70,12.36,24.00,1.41,4702.92,28.73,6.09,166.93,22.68,48.82
1--3--3--2,4.15,-0.204,-0.347,-0.299,10.194,-0.898,-0.005,8.047,-0.148,3.619,,77,77,91,80,1966,78,67,141,90,89,,319.55,-15.71,-31.58,-23.92,20041.40,-70.04,-0.34,1134.63,-13.32,322.09
1--3--3--3,3.723,-1.388,-1.553,-1.569,9.122,-1.774,-1.379,7.568,-0.266,4.307,,32,21,17,22,433,17,18,20,16,26,,119.14,-29.15,-26.40,-34.52,3949.83,-30.16,-24.82,151.36,-4.26,111.98
2--0--0--0,14.439,14.051,14.199,13.658,4.63,5.315,5.431,5.624,5.731,5.917,,730,36,40,25,25,39,32,27,30,31,,10540.47,505.84,567.96,341.45,115.75,207.29,173.79,151.85,171.93,183.43
2--0--0--1,11.555,10.743,14.536,15.345,3.155,5.588,6.145,5.645,7.2,6.466,,6,6,8,76,5,4,4,5,3,10,,69.33,64.46,116.29,1166.22,15.78,22.35,24.58,28.23,21.60,64.66
2--0--0--2,12.312,12.437,12.459,3.79,3.882,2.894,7.381,2.901,6.822,7.451,,91,266,1456,80,80,64,69,63,100,67,,1120.39,3308.24,18140.30,303.20,310.56,185.22,509.29,182.76,682.20,499.22
2--0--0--3,11.609,9.133,11.618,2.55,1.644,-0.232,10.158,3.963,7.033,8.015,,10,4,76,5,5,1,2,2,2,5,,116.09,36.53,882.97,12.75,8.22,-0.23,20.32,7.93,14.07,40.08
2--0--1--0,14.393,13.036,16.192,15.7,3.093,11.066,9.229,7.476,7.611,0.097,,5,9,110,4,5,3,6,10,6,3,,71.97,117.32,1781.12,62.80,15.47,33.20,55.37,74.76,45.67,0.29
2--0--1--1,0,11.492,0,-1.349,0.845,0,0,7.762,0,0,,0,9,0,1,1,0,0,1,0,0,,0.00,103.43,0.00,-1.35,0.85,0.00,0.00,7.76,0.00,0.00
2--0--1--2,10.842,11.461,9.512,4.178,3.273,5.95,6.109,3.35,9.272,7.524,,3,43,1,1,3,2,1,6,22,3,,32.53,492.82,9.51,4.18,9.82,11.90,6.11,20.10,203.98,22.57
2--0--1--3,10.941,0,0,1.973,0.88,0,-2.231,3.831,0,6.87,,4,0,0,1,1,0,1,3,0,13,,43.76,0.00,0.00,1.97,0.88,0.00,-2.23,11.49,0.00,89.31
2--0--2--0,12.297,12.381,3.043,3.27,3.524,9.115,9.028,9.027,8.503,3.297,,246,321,22,19,18,27,20,14,20,25,,3025.06,3974.30,66.95,62.13,63.43,246.11,180.56,126.38,170.06,82.43
2--0--2--1,10.871,11.594,3.672,1.748,6.255,6.527,9.004,8.143,7.088,5.515,,5,65,2,4,1,5,3,4,1,7,,54.36,753.61,7.34,6.99,6.26,32.64,27.01,32.57,7.09,38.61
2--0--2--2,10.374,10.02,1.576,0.574,1.487,8.886,0.909,7.016,1.45,5.686,,322,88,25,26,17,2,25,61,17,14,,3340.43,881.76,39.40,14.92,25.28,17.77,22.73,427.98,24.65,79.60
2--0--2--3,8.29,9.012,-0.072,0,0.328,7.612,0.882,5.406,0.761,2.542,,2,77,2,0,5,3,8,3,5,4,,16.58,693.92,-0.14,0.00,1.64,22.84,7.06,16.22,3.81,10.17
2--0--3--0,11.177,11.632,3.752,4.118,2.462,12.04,0,10.982,12.175,2.925,,2,2,3,2,2,2,0,1,37,4,,22.35,23.26,11.26,8.24,4.92,24.08,0.00,10.98,450.48,11.70
2--0--3--1,9.266,0,1.86,0,-0.998,0,0.35,0,0,0,,1,0,21,0,2,0,1,0,0,0,,9.27,0.00,39.06,0.00,-2.00,0.00,0.35,0.00,0.00,0.00
2--0--3--2,9.235,9.393,1.077,0.725,0.479,8.598,-0.751,8.301,1.063,4.952,,15,41,2,7,1,4,6,5,1,28,,138.53,385.11,2.15,5.08,0.48,34.39,-4.51,41.51,1.06,138.66
2--0--3--3,3.948,8.055,-4.532,0,-0.28,6.976,0,9.636,-2.545,0,,1,10,1,0,1,1,0,7,2,0,,3.95,80.55,-4.53,0.00,-0.28,6.98,0.00,67.45,-5.09,0.00
2--1--0--0,13.888,17.321,17.419,17.348,8.298,8.327,8.32,4.888,4.803,4.883,,3566,3698,48913,3682,3703,3526,3539,3632,3555,3615,,49524.61,64053.06,852015.55,63875.34,30727.49,29361.00,29444.48,17753.22,17074.67,17652.05
2--1--0--1,12.924,16.341,16.333,3.914,7.461,7.415,9.409,3.905,5.866,5.826,,445,8494,1249,439,418,438,401,419,439,450,,5751.18,138800.45,20399.92,1718.25,3118.70,3247.77,3773.01,1636.20,2575.17,2621.70
2--1--0--2,11.854,15.469,15.332,2.896,6.382,6.3,10.347,2.873,6.851,6.832,,7649,58098,7669,7672,7593,7580,7678,7604,7792,7662,,90671.25,898717.96,117581.11,22218.11,48458.53,47754.00,79444.27,21846.29,53382.99,52346.78
2--1--0--3,10.957,14.34,14.408,1.977,5.613,5.332,2.12,1.929,7.928,7.852,,372,2413,6276,371,355,390,353,350,368,352,,4076.00,34602.42,90424.61,733.47,1992.62,2079.48,748.36,675.15,2917.50,2763.90
2--1--1--0,12.833,16.368,3.842,3.787,7.311,10.143,10.375,6.846,6.868,3.778,,598,13467,646,660,599,620,641,552,606,632,,7674.13,220427.86,2481.93,2499.42,4379.29,6288.66,6650.38,3778.99,4162.01,2387.70
2--1--1--1,11.637,15.423,2.467,2.502,6.313,9.472,11.226,5.682,7.866,4.746,,106,2022,100,79,84,81,99,95,83,91,,1233.52,31185.31,246.70,197.66,530.29,767.23,1111.37,539.79,652.88,431.89
2--1--1--2,10.8,14.389,2.132,1.827,5.254,8.331,1.945,4.858,9.037,5.822,,311,8329,349,359,367,363,382,360,384,393,,3358.80,119845.98,744.07,655.89,1928.22,3024.15,742.99,1748.88,3470.21,2288.05
2--1--1--3,9.75,13.271,0.734,0.931,4.413,7.49,0.871,3.809,0.856,6.671,,107,2569,95,117,97,127,103,108,103,111,,1043.25,34093.20,69.73,108.93,428.06,951.23,89.71,411.37,88.17,740.48
2--1--2--0,11.871,15.405,2.878,2.88,6.268,12.357,12.38,8.719,8.92,2.838,,2481,39500,2615,2534,2632,2534,2588,2614,2533,2558,,29451.95,608497.50,7525.97,7297.92,16497.38,31312.64,32039.44,22791.47,22594.36,7259.60
2--1--2--1,11.045,14.368,2.039,1.649,5.226,11.093,1.821,7.832,9.889,3.761,,326,6951,291,304,286,309,276,301,309,309,,3600.67,99871.97,593.35,501.30,1494.64,3427.74,502.60,2357.43,3055.70,1162.15
2--1--2--2,9.848,13.39,0.854,0.851,4.185,10.309,0.803,6.825,0.842,4.886,,2125,34442,2022,2072,1999,2055,2103,2044,1994,1960,,20927.00,461178.38,1726.79,1763.27,8365.82,21185.00,1688.71,13950.30,1678.95,9576.56
2--1--2--3,8.964,12.378,0.096,-0.288,3.202,9.234,-0.096,6.063,0.192,5.86,,413,9504,409,426,409,398,405,411,414,453,,3702.13,117640.51,39.26,-122.69,1309.62,3675.13,-38.88,2491.89,79.49,2654.58
2--1--3--0,10.761,14.32,1.876,1.716,5.279,1.797,1.907,10.718,10.874,2.217,,183,4463,201,204,170,188,210,186,203,186,,1969.26,63910.16,377.08,350.06,897.43,337.84,400.47,1993.55,2207.42,412.36
2--1--3--1,9.991,13.371,0.817,0.774,4.184,0.84,0.592,10.116,0.744,2.745,,80,2167,90,92,90,89,91,81,105,78,,799.28,28974.96,73.53,71.21,376.56,74.76,53.87,819.40,78.12,214.11
2--1--3--2,8.887,12.361,-0.048,-0.17,3.32,-0.03,-0.231,8.928,-0.143,3.739,,427,9206,415,480,437,434,392,421,402,417,,3794.75,113795.37,-19.92,-81.60,1450.84,-13.02,-90.55,3758.69,-57.49,1559.16
2--1--3--3,7.902,11.344,-1.194,-0.859,2.156,-0.719,-1.51,8.21,-1.397,4.978,,88,2301,108,93,92,88,88,88,95,92,,695.38,26102.54,-128.95,-79.89,198.35,-63.27,-132.88,722.48,-132.72,457.98
2--2--0--0,13.477,4.234,4.312,4.246,11.322,11.31,11.347,4.258,4.264,4.287,,59926,14372,14327,14204,14267,14366,14201,14280,14192,14325,,807622.70,60851.05,61778.02,60310.18,161530.97,162479.46,161138.75,60804.24,60514.69,61411.28
2--2--0--1,12.385,3.213,3.351,3.2,10.451,10.221,12.337,3.271,5.317,5.267,,31518,1782,1815,1809,1792,1830,1846,1851,1765,1792,,390350.43,5725.57,6082.07,5788.80,18728.19,18704.43,22774.10,6054.62,9384.51,9438.46
2--2--0--2,11.475,2.315,2.319,2.301,9.345,9.333,2.268,2.273,6.32,6.285,,81224,26714,26997,26689,27033,26738,26926,26894,26801,27136,,932045.40,61842.91,62606.04,61411.39,252623.39,249545.75,61068.17,61130.06,169382.32,170549.76
2--2--0--3,10.407,1.27,1.21,1.153,8.293,8.281,1.288,1.265,7.25,7.28,,28315,1569,1545,1578,1590,1620,1555,1504,1579,1610,,294674.21,1992.63,1869.45,1819.43,13185.87,13415.22,2002.84,1902.56,11447.75,11720.80
2--2--1--0,12.263,3.279,3.334,3.283,10.44,13.228,13.372,6.325,6.309,3.259,,2592,2594,2659,2673,2703,2601,40057,2677,2687,2608,,31785.70,8505.73,8865.11,8775.46,28219.32,34406.03,535642.20,16932.03,16952.28,8499.47
2--2--1--1,11.228,2.341,2.193,2.335,9.456,12.296,2.255,5.339,7.208,4.209,,420,389,389,344,372,8466,337,334,365,373,,4715.76,910.65,853.08,803.24,3517.63,104097.94,759.94,1783.23,2630.92,1569.96
2--2--1--2,10.355,1.201,1.268,1.238,8.24,11.343,1.308,4.272,8.261,5.356,,1584,1584,1543,1546,1587,28151,1548,1544,1545,1546,,16402.32,1902.38,1956.52,1913.95,13076.88,319316.79,2024.78,6595.97,12763.25,8280.38
2--2--1--3,9.295,0.315,0.409,0.282,7.271,10.358,0.151,3.304,0.29,6.213,,895,467,441,435,436,9894,463,459,467,430,,8319.03,147.11,180.37,122.67,3170.16,102482.05,69.91,1516.54,135.43,2671.59
2--2--2--0,11.48,2.267,2.255,2.328,9.275,2.297,2.324,8.263,8.233,2.259,,59555,10556,10498,10320,10443,10290,10429,10510,10462,10364,,683691.40,23930.45,23672.99,24024.96,96858.83,23636.13,24237.00,86844.13,86133.65,23412.28
2--2--2--1,10.408,1.34,1.22,1.24,8.389,1.269,1.288,7.329,9.233,3.196,,25202,1337,1328,1233,1325,1225,1350,1353,1328,1254,,262302.42,1791.58,1620.16,1528.92,11115.43,1554.53,1738.80,9916.14,12261.42,4007.78
2--2--2--2,9.45,0.26,0.294,0.27,7.329,0.243,0.258,6.3,0.238,4.261,,58760,8359,8490,8398,8506,8393,8288,8315,8359,8410,,555282.00,2173.34,2496.06,2267.46,62340.47,2039.50,2138.30,52384.50,1989.44,35835.01
2--2--2--3,8.392,-0.838,-0.676,-0.685,6.303,-0.669,-0.757,5.282,-0.701,5.238,,31724,1802,1773,1826,1872,1794,1743,1931,1799,1820,,266227.81,-1510.08,-1198.55,-1250.81,11799.22,-1200.19,-1319.45,10199.54,-1261.10,9533.16
2--2--3--0,10.409,1.338,1.398,1.463,8.303,1.15,1.398,10.262,10.272,1.24,,14511,885,777,789,801,767,829,2775,1392,787,,151045.00,1184.13,1086.25,1154.31,6650.70,882.05,1158.94,28477.05,14298.62,975.88
2--2--3--1,9.4,0.185,0.436,0.48,7.147,0.264,0.247,9.131,0.321,2.286,,9029,398,399,383,403,416,428,398,425,400,,84872.60,73.63,173.96,183.84,2880.24,109.82,105.72,3634.14,136.43,914.40
2--2--3--2,8.381,-0.787,-0.728,-0.672,6.384,-0.789,-0.641,8.257,-0.705,3.214,,31594,1754,1853,1828,1817,1799,1865,1817,1793,1765,,264789.31,-1380.40,-1348.98,-1228.42,11599.73,-1419.41,-1195.47,15002.97,-1264.07,5672.71
2--2--3--3,7.389,-1.573,-1.652,-1.746,5.251,-1.716,-1.685,7.241,-1.923,4.288,,8941,384,429,406,389,401,406,427,428,422,,66065.05,-604.03,-708.71,-708.88,2042.64,-688.12,-684.11,3091.91,-823.04,1809.54
2--3--0--0,12.889,3.843,3.79,3.88,14.382,14.253,14.232,3.774,3.791,3.736,,3180,3075,3120,3257,44225,3132,3312,3081,3160,3126,,40987.02,11817.23,11824.80,12637.16,636043.95,44640.40,47136.38,11627.69,11979.56,11678.74
2--3--0--1,11.851,2.852,2.778,2.833,13.338,13.208,2.838,2.812,5.117,4.599,,370,344,351,350,8051,375,367,356,373,389,,4384.87,981.09,975.08,991.55,107384.24,4953.00,1041.55,1001.07,1908.64,1789.01
2--3--0--2,10.835,1.78,1.824,1.786,12.408,12.342,1.801,1.794,5.802,5.817,,6503,6625,6670,6731,56947,6641,6698,6651,6618,6660,,70460.01,11792.50,12166.08,12021.57,706598.38,81963.22,12063.10,11931.89,38397.64,38741.22
2--3--0--3,9.871,0.918,0.962,0.862,11.334,11.272,0.957,0.958,6.935,6.697,,285,307,292,327,6776,652,349,325,306,291,,2813.24,281.83,280.90,281.87,76799.18,7349.34,333.99,311.35,2122.11,1948.83
2--3--1--0,11.844,2.837,2.83,2.802,13.361,2.786,3.012,5.666,5.725,2.707,,580,510,559,528,11665,559,504,522,543,476,,6869.52,1446.87,1581.97,1479.46,155856.07,1557.37,1518.05,2957.65,3108.68,1288.53
2--3--1--1,10.813,2.152,1.144,1.393,12.298,1.762,2.565,4.934,7.185,3.864,,136,58,72,68,1739,94,81,63,66,67,,1470.57,124.82,82.37,94.72,21386.22,165.63,207.77,310.84,474.21,258.89
2--3--1--2,9.878,0.815,0.742,0.728,11.289,0.734,0.467,3.743,7.357,4.743,,353,316,292,328,7182,321,299,311,306,337,,3486.93,257.54,216.66,238.78,81077.60,235.61,139.63,1164.07,2251.24,1598.39
2--3--1--3,8.659,-0.002,-0.059,-0.133,10.447,-0.405,-0.074,2.714,-0.332,5.752,,171,93,99,96,2185,90,83,101,80,94,,1480.69,-0.19,-5.84,-12.77,22826.70,-36.45,-6.14,274.11,-26.56,540.69
2--3--2--0,10.932,1.854,1.762,1.731,12.341,1.783,1.749,7.74,7.931,1.781,,2219,2166,2235,2232,36872,2232,2146,2196,2237,2168,,24258.11,4015.76,3938.07,3863.59,455037.35,3979.66,3753.35,16997.04,17741.65,3861.21
2--3--2--1,9.934,0.977,0.964,0.677,11.277,0.789,0.769,6.721,8.375,2.941,,301,243,246,291,6034,259,276,268,269,273,,2990.13,237.41,237.14,197.01,68045.42,204.35,212.24,1801.23,2252.88,802.89
2--3--2--2,8.882,-0.215,-0.141,-0.125,10.336,-0.166,-0.264,5.732,-0.121,3.832,,1840,1760,1778,1804,31141,1738,1750,1846,1829,1848,,16342.88,-378.40,-250.70,-225.50,321873.38,-288.51,-462.00,10581.27,-221.31,7081.54
2--3--2--3,7.728,-1.13,-1.267,-1.126,9.319,-1.116,-1.434,4.823,-1.294,4.96,,382,370,405,378,8294,354,379,325,383,349,,2952.10,-418.10,-513.14,-425.63,77291.79,-395.06,-543.49,1567.48,-495.60,1731.04
2--3--3--0,10.08,0.701,0.991,1.069,11.281,1.043,0.73,9.87,9.582,0.539,,166,152,143,153,3874,163,156,156,139,172,,1673.28,106.55,141.71,163.56,43702.59,170.01,113.88,1539.72,1331.90,92.71
2--3--3--1,8.695,-0.004,-0.416,-0.48,10.318,-0.482,-0.589,8.665,-0.254,1.793,,76,81,90,80,1815,86,92,82,83,77,,660.82,-0.32,-37.44,-38.40,18727.17,-41.45,-54.19,710.53,-21.08,138.06
2--3--3--2,8.052,-1.028,-1.111,-0.969,9.364,-1.305,-1.187,7.783,-1.266,2.837,,370,412,375,373,8222,386,367,355,341,378,,2979.24,-423.54,-416.63,-361.44,76990.81,-503.73,-435.63,2762.97,-431.71,1072.39
2--3--3--3,7.073,-2.282,-2.027,-1.727,8.274,-2.15,-2.157,6.938,-1.801,3.645,,76,74,67,84,1907,92,72,101,70,86,,537.55,-168.87,-135.81,-145.07,15778.52,-197.80,-155.30,700.74,-126.07,313.47
3--0--0--0,18.251,17.96,17.338,18.128,5.342,4.038,4.414,4.311,2.855,3.738,,22,6,10,118,9,6,6,7,8,11,,401.52,107.76,173.38,2139.10,48.08,24.23,26.48,30.18,22.84,41.12
3--0--0--1,17.563,16.813,0,0,0,0,0,0,7.94,5.869,,13,3,0,0,0,0,0,0,1,12,,228.32,50.44,0.00,0.00,0.00,0.00,0.00,0.00,7.94,70.43
3--0--0--2,15.803,15.2,16.305,3.516,3.338,2.812,6.655,3.605,6.454,7.024,,41,21,292,14,10,13,15,9,16,16,,647.92,319.20,4761.06,49.22,33.38,36.56,99.83,32.45,103.26,112.38
3--0--0--3,16.633,0,0,3.103,0,3.555,0,0,8.996,0,,10,0,0,1,0,1,0,0,1,0,,166.33,0.00,0.00,3.10,0.00,3.56,0.00,0.00,9.00,0.00
3--0--1--0,0,16.648,6.871,3.234,0.436,0,9.672,5.626,7.756,0,,0,19,1,1,1,0,1,2,6,0,,0.00,316.31,6.87,3.23,0.44,0.00,9.67,11.25,46.54,0.00
3--0--1--1,0,0,0,0,0,0,7.071,0,0,0,,0,0,0,0,0,0,2,0,0,0,,0.00,0.00,0.00,0.00,0.00,0.00,14.14,0.00,0.00,0.00
3--0--1--2,0,0,2.998,0,0,0,0,5.951,8.709,5.704,,0,0,2,0,0,0,0,11,9,1,,0.00,0.00,6.00,0.00,0.00,0.00,0.00,65.46,78.38,5.70
3--0--1--3,0,14.51,4.415,0,-2.67,4.644,0,0,0,0,,0,6,1,0,1,1,0,0,0,0,,0.00,87.06,4.42,0.00,-2.67,4.64,0.00,0.00,0.00,0.00
3--0--2--0,16.415,16.197,3.106,3.389,5.542,9.501,9.644,9.496,8.912,5.676,,88,6,8,3,3,14,7,12,11,3,,1444.52,97.18,24.85,10.17,16.63,133.01,67.51,113.95,98.03,17.03
3--0--2--1,15.594,0,-2.722,2.593,0,0,12.082,4.582,0,0,,12,0,1,1,0,0,3,1,0,0,,187.13,0.00,-2.72,2.59,0.00,0.00,36.25,4.58,0.00,0.00
3--0--2--2,14.396,12.605,1.071,0.931,-0.685,6.907,0.491,7.621,-2.717,4.875,,65,9,5,2,3,35,3,1,1,2,,935.74,113.45,5.36,1.86,-2.06,241.75,1.47,7.62,-2.72,9.75
3--0--2--3,13.604,0,0,0,2.15,0,0,6.913,0,8.774,,22,0,0,0,1,0,0,5,0,1,,299.29,0.00,0.00,0.00,2.15,0.00,0.00,34.57,0.00,8.77
3--0--3--0,0,12.921,0,2.236,4.641,0,0,10,0,1.914,,0,6,0,1,1,0,0,1,0,1,,0.00,77.53,0.00,2.24,4.64,0.00,0.00,10.00,0.00,1.91
3--0--3--1,0,0,0,2.08,-0.964,0,0,0,-0.952,0,,0,0,0,1,2,0,0,0,1,0,,0.00,0.00,0.00,2.08,-1.93,0.00,0.00,0.00,-0.95,0.00
3--0--3--2,0,0,0,-1.485,0.681,9.512,-0.955,10.508,0,0,,0,0,0,6,2,4,2,7,0,0,,0.00,0.00,0.00,-8.91,1.36,38.05,-1.91,73.56,0.00,0.00
3--0--3--3,0,13.627,0,0,0,7.912,0,0,0,0,,0,7,0,0,0,1,0,0,0,0,,0.00,95.39,0.00,0.00,0.00,7.91,0.00,0.00,0.00,0.00
3--1--0--0,17.92,4.24,4.098,4.267,7.842,7.847,7.812,4.296,4.256,4.245,,15395,740,731,746,737,723,807,737,766,743,,275878.40,3137.60,2995.64,3183.18,5779.55,5673.38,6304.28,3166.15,3260.10,3154.04
3--1--0--1,16.812,2.951,3.064,3.311,6.706,7.186,9.088,3.395,5.315,5.188,,2019,78,76,92,90,86,78,78,75,96,,33943.43,230.18,232.86,304.61,603.54,618.00,708.86,264.81,398.63,498.05
3--1--0--2,15.92,2.315,2.21,2.222,5.775,5.945,9.864,2.251,6.239,6.145,,29209,1579,1602,1530,1637,1598,1606,1564,1621,1622,,465007.28,3655.39,3540.42,3399.66,9453.68,9500.11,15841.58,3520.56,10113.42,9967.19
3--1--0--3,14.907,1.396,1.115,0.903,4.581,4.852,1.311,1.383,6.565,7.284,,1810,62,96,80,77,77,87,74,68,66,,26981.67,86.55,107.04,72.24,352.74,373.60,114.06,102.34,446.42,480.74
3--1--1--0,16.881,3.142,2.977,3.173,7.043,9.734,9.962,6.292,6.393,3.25,,2932,118,119,124,136,114,120,128,118,146,,49495.09,370.76,354.26,393.45,957.85,1109.68,1195.44,805.38,754.37,474.50
3--1--1--1,15.886,3.083,2.595,1.962,5.747,9.696,10.669,5.964,7.716,3.719,,420,13,14,18,23,19,20,15,16,14,,6672.12,40.08,36.33,35.32,132.18,184.22,213.38,89.46,123.46,52.07
3--1--1--2,14.844,1.514,1.339,1.268,5.138,7.841,1.378,4.472,8.079,4.988,,1596,84,71,73,69,78,71,80,64,73,,23691.02,127.18,95.07,92.56,354.52,611.60,97.84,357.76,517.06,364.12
3--1--1--3,14.049,-0.134,-0.003,0.715,3.926,6.611,0.483,3.394,0.653,5.405,,416,20,16,23,18,120,17,19,20,15,,5844.38,-2.68,-0.05,16.45,70.67,793.32,8.21,64.49,13.06,81.08
3--1--2--0,15.942,2.15,2.354,2.179,5.89,11.824,11.906,8.274,8.145,2.278,,11490,537,502,519,540,526,493,522,536,534,,183173.58,1154.55,1181.71,1130.90,3180.60,6219.42,5869.66,4319.03,4365.72,1216.45
3--1--2--1,14.85,1.306,1.069,1.296,4.413,10.491,1.289,7.226,9.261,2.272,,1416,56,51,68,72,117,69,62,56,42,,21027.60,73.14,54.52,88.13,317.74,1227.45,88.94,448.01,518.62,95.42
3--1--2--2,13.878,0.342,0.262,0.143,3.83,10.012,0.268,6.264,0.345,4.039,,9301,420,403,434,406,429,399,382,436,405,,129079.28,143.64,105.59,62.06,1554.98,4295.15,106.93,2392.85,150.42,1635.80
3--1--2--3,12.949,-0.318,-0.696,-0.572,3.039,9.137,-0.448,5.409,-0.684,4.916,,1961,87,92,86,88,136,86,98,101,94,,25392.99,-27.67,-64.03,-49.19,267.43,1242.63,-38.53,530.08,-69.08,462.10
3--1--3--0,15.027,0.413,0.991,1.217,5.037,1.829,1.004,10.013,9.886,1.201,,902,48,43,36,38,38,31,71,40,35,,13554.35,19.82,42.61,43.81,191.41,69.50,31.12,710.92,395.44,42.04
3--1--3--1,13.763,-1.063,0.364,0.729,4.097,-0.199,0.611,9.467,0.101,1.884,,427,13,12,17,15,15,14,23,20,19,,5876.80,-13.82,4.37,12.39,61.46,-2.99,8.55,217.74,2.02,35.80
3--1--3--2,12.901,-1.49,-0.352,-0.631,2.654,-0.151,-0.171,8.363,-0.774,3.278,,2067,81,82,81,79,86,82,111,74,78,,26666.37,-120.69,-28.86,-51.11,209.67,-12.99,-14.02,928.29,-57.28,255.68
3--1--3--3,12.022,-2.089,-0.76,-2.48,1.981,-1.796,-2.777,6.691,-1.411,4.225,,397,19,22,12,17,23,15,45,19,22,,4772.73,-39.69,-16.72,-29.76,33.68,-41.31,-41.66,301.10,-26.81,92.95
3--2--0--0,17.438,3.8,3.821,3.792,10.869,10.868,10.855,3.788,3.797,3.818,,44035,3130,3188,3120,3127,3152,3080,3137,3121,3084,,767882.33,11894.00,12181.35,11831.04,33987.36,34255.94,33433.40,11882.96,11850.44,11774.71
3--2--0--1,16.369,2.816,2.72,2.844,9.864,9.851,12.044,2.686,4.554,4.63,,7971,345,374,364,390,366,436,345,340,334,,130477.30,971.52,1017.28,1035.22,3846.96,3605.47,5251.18,926.67,1548.36,1546.42
3--2--0--2,15.462,1.758,1.849,1.783,8.787,8.916,1.785,1.801,5.807,5.778,,60269,6622,6568,6736,6641,6607,6657,6654,6708,6608,,931879.28,11641.48,12144.23,12010.29,58354.47,58908.01,11882.75,11983.85,38953.36,38181.02
3--2--0--3,14.354,0.846,0.775,0.915,7.831,7.933,0.805,0.954,7.021,6.681,,7226,324,310,317,322,292,301,277,333,328,,103722.00,274.10,240.25,290.06,2521.58,2316.44,242.31,264.26,2337.99,2191.37
3--2--1--0,16.364,2.886,2.819,2.786,9.826,12.723,12.772,5.775,5.826,2.877,,11840,505,540,568,515,524,514,527,556,532,,193749.76,1457.43,1522.26,1582.45,5060.39,6666.85,6564.81,3043.43,3239.26,1530.56
3--2--1--1,15.409,1.785,1.566,1.508,8.133,12.054,1.685,5.095,6.273,3.97,,1833,65,63,76,84,53,88,77,80,82,,28244.70,116.03,98.66,114.61,683.17,638.86,148.28,392.32,501.84,325.54
3--2--1--2,14.289,0.939,0.817,0.825,7.878,10.782,0.729,3.697,7.675,4.826,,7225,317,343,273,329,328,300,301,313,317,,103238.03,297.66,280.23,225.23,2591.86,3536.50,218.70,1112.80,2402.28,1529.84
3--2--1--3,13.315,0.011,-0.116,-0.636,7.036,10.091,-0.525,2.837,-0.242,5.862,,2183,74,100,94,99,78,95,91,96,83,,29066.65,0.81,-11.60,-59.78,696.56,787.10,-49.88,258.17,-23.23,486.55
3--2--2--0,15.407,1.795,1.819,1.794,8.886,1.761,1.798,7.775,7.808,1.874,,36400,2248,2284,2193,2226,2248,2164,2238,2252,2209,,560814.80,4035.16,4154.60,3934.24,19780.24,3958.73,3890.87,17400.45,17583.62,4139.67
3--2--2--1,14.324,0.926,1.19,0.657,7.943,0.498,1.072,6.677,8.684,2.602,,6108,256,264,288,283,275,255,220,273,272,,87490.99,237.06,314.16,189.22,2247.87,136.95,273.36,1468.94,2370.73,707.74
3--2--2--2,13.394,-0.257,-0.248,-0.243,6.832,-0.118,-0.242,5.783,-0.191,3.803,,31351,1772,1768,1799,1800,1828,1817,1762,1788,1838,,419915.29,-455.40,-438.46,-437.16,12297.60,-215.70,-439.71,10189.65,-341.51,6989.91
3--2--2--3,12.368,-1.343,-1.189,-1.301,6.257,-1.141,-1.226,4.751,-1.268,4.65,,8274,391,406,378,375,353,362,385,382,393,,102332.83,-525.11,-482.73,-491.78,2346.38,-402.77,-443.81,1829.14,-484.38,1827.45
3--2--3--0,14.344,0.543,0.854,0.789,8.051,0.838,0.648,9.42,9.798,0.732,,3862,172,166,178,173,141,146,148,176,149,,55396.53,93.40,141.76,140.44,1392.82,118.16,94.61,1394.16,1724.45,109.07
3--2--3--1,13.353,-0.241,-0.367,0.279,6.936,-0.359,0.272,8.421,-1.113,2.26,,1915,87,79,81,85,64,88,82,84,86,,25571.00,-20.97,-28.99,22.60,589.56,-22.98,23.94,690.52,-93.49,194.36
3--2--3--2,12.36,-1.364,-0.928,-1.354,5.554,-1.405,-1.058,7.694,-1.006,3.036,,8308,358,366,387,353,365,343,349,372,378,,102686.88,-488.31,-339.65,-524.00,1960.56,-512.83,-362.89,2685.21,-374.23,1147.61
3--2--3--3,11.323,-2.722,-1.611,-2.35,5.088,-2.358,-2.054,6.51,-2.786,4.093,,1835,84,95,92,87,83,78,96,89,89,,20777.71,-228.65,-153.05,-216.20,442.66,-195.71,-160.21,624.96,-247.95,364.28
3--3--0--0,16.928,3.308,3.441,3.418,13.906,13.817,13.811,3.237,3.296,3.472,,13744,623,649,664,677,661,628,656,627,614,,232658.43,2060.88,2233.21,2269.55,9414.36,9133.04,8673.31,2123.47,2066.59,2131.81
3--3--0--1,15.853,2.105,2.023,2.041,12.884,12.797,1.959,1.996,4.43,4.386,,1638,78,71,70,66,72,67,69,73,85,,25967.21,164.19,143.63,142.87,850.34,921.38,131.25,137.72,323.39,372.81
3--3--0--2,14.933,1.286,1.324,1.278,11.782,11.822,1.48,1.388,5.327,5.286,,25973,1368,1312,1368,1383,1437,1376,1394,1351,1410,,387854.81,1759.25,1737.09,1748.30,16294.51,16988.21,2036.48,1934.87,7196.78,7453.26
3--3--0--3,13.888,0.437,0.509,-0.045,10.825,11.407,0.291,-0.085,6.317,6.249,,1413,74,65,59,79,63,53,78,57,64,,19623.74,32.34,33.09,-2.66,855.18,718.64,15.42,-6.63,360.07,399.94
3--3--1--0,15.849,2.251,2.098,2.277,12.877,2.42,2.258,5.64,5.581,2.069,,2473,112,98,108,125,107,115,121,114,119,,39194.58,252.11,205.60,245.92,1609.63,258.94,259.67,682.44,636.23,246.21
3--3--1--1,14.909,0.659,0.737,1.573,11.59,1.711,0.677,4.768,5.794,3.932,,264,13,27,17,94,15,28,31,14,19,,3935.98,8.57,19.90,26.74,1089.46,25.67,18.96,147.81,81.12,74.71
3--3--1--2,14.01,0.377,-0.365,0.667,10.936,0.44,0.54,3.754,6.935,4.537,,1440,67,52,54,81,62,52,63,82,65,,20174.40,25.26,-18.98,36.02,885.82,27.28,28.08,236.50,568.67,294.91
3--3--1--3,12.914,-0.66,-0.969,-0.725,9.406,0.222,-1.124,2.859,-0.057,4.676,,423,24,18,16,15,16,22,17,12,16,,5462.62,-15.84,-17.44,-11.60,141.09,3.55,-24.73,48.60,-0.68,74.82
3--3--2--0,14.891,1.206,1.455,1.178,11.857,1.179,1.208,7.209,7.42,1.237,,9930,432,453,450,459,477,438,449,439,497,,147867.63,520.99,659.12,530.10,5442.36,562.38,529.10,3236.84,3257.38,614.79
3--3--2--1,13.957,-0.178,0.694,0.205,10.759,0.267,0.493,6.214,8.643,2.803,,1221,59,52,52,82,48,52,50,61,61,,17041.50,-10.50,36.09,10.66,882.24,12.82,25.64,310.70,527.22,170.98
3--3--2--2,12.924,-0.543,-0.746,-0.773,9.981,-0.642,-0.494,5.148,-0.752,3.41,,8041,359,329,364,372,350,338,343,389,373,,103921.88,-194.94,-245.43,-281.37,3712.93,-224.70,-166.97,1765.76,-292.53,1271.93
3--3--2--3,11.911,-1.674,-1.773,-1.688,8.74,-1.624,-2.226,4.692,-1.493,4.064,,1750,82,76,86,82,90,64,65,86,64,,20844.25,-137.27,-134.75,-145.17,716.68,-146.16,-142.46,304.98,-128.40,260.10
3--3--3--0,13.959,0.688,0.704,0.479,10.246,-0.018,0.363,9.875,9.409,0.658,,812,37,46,31,33,32,30,32,36,19,,11334.71,25.46,32.38,14.85,338.12,-0.58,10.89,316.00,338.72,12.50
3--3--3--1,13.03,-1.678,-0.915,-0.794,10.641,-0.536,-1.081,6.637,-0.432,0.871,,370,9,13,15,17,12,15,16,12,15,,4821.10,-15.10,-11.90,-11.91,180.90,-6.43,-16.22,106.19,-5.18,13.07
3--3--3--2,11.856,-1.513,-1.391,-1.425,9.56,-1.738,-2.088,7.484,-1.726,2.363,,1730,64,79,68,71,67,72,87,65,80,,20510.88,-96.83,-109.89,-96.90,678.76,-116.45,-150.34,651.11,-112.19,189.04
3--3--3--3,11.118,-2.522,-2.144,-3.74,8.1,-2.681,-2.328,6.282,-2.934,2.565,,385,16,20,17,26,17,18,20,11,12,,4280.43,-40.35,-42.88,-63.58,210.60,-45.58,-41.90,125.64,-32.27,30.78
,,,,,,,,,,,,906142,484363,383142,167290,447544,239412,214737,169182,165503,164304,,12.68,11.14,10.38,3.18,11.16,8.95,6.83,4.79,5.37,4.88
